{
  "hash": "19a388b7",
  "configHash": "fd0078db",
  "lockfileHash": "146d2817",
  "browserHash": "2aa33c39",
  "optimized": {
    "@angular/core": {
      "src": "../../../../../../node_modules/@angular/core/fesm2022/core.mjs",
      "file": "@angular_core.js",
      "fileHash": "5546f339",
      "needsInterop": false
    },
    "@angular/platform-browser": {
      "src": "../../../../../../node_modules/@angular/platform-browser/fesm2022/platform-browser.mjs",
      "file": "@angular_platform-browser.js",
      "fileHash": "eca506c7",
      "needsInterop": false
    },
    "@angular/router": {
      "src": "../../../../../../node_modules/@angular/router/fesm2022/router.mjs",
      "file": "@angular_router.js",
      "fileHash": "20aa8e54",
      "needsInterop": false
    },
    "zone.js": {
      "src": "../../../../../../node_modules/zone.js/fesm2015/zone.js",
      "file": "zone__js.js",
      "fileHash": "c438f69c",
      "needsInterop": true
    }
  },
  "chunks": {
    "chunk-XNVLJOJH": {
      "file": "chunk-XNVLJOJH.js"
    },
    "chunk-3CZ6QWIZ": {
      "file": "chunk-3CZ6QWIZ.js"
    },
    "chunk-WDMUDEB6": {
      "file": "chunk-WDMUDEB6.js"
    }
  }
}